neighbourhood_group,neighbourhood
Albert,Alma
Albert,Coverdale
Albert,Elgin
Albert,Harvey
Albert,Hillsborough
Albert,Hopewell
Carleton,Aberdeen
Carleton,Brighton
Carleton,Kent
Carleton,Northampton
Carleton,Peel
Carleton,Richmond
Carleton,Simonds
Carleton,Wakefield
Carleton,Wicklow
Carleton,Wilmot
Carleton,Woodstock
Charlotte,Campobello
Charlotte,Clarendon
Charlotte,Dufferin
Charlotte,Dumbarton
Charlotte,Grand Manan
Charlotte,Lepreau
Charlotte,Pennfield
Charlotte,Saint Andrews
Charlotte,Saint Croix
Charlotte,Saint David
Charlotte,Saint George
Charlotte,Saint James
Charlotte,Saint Patrick
Charlotte,Saint Stephen
Charlotte,West Isles
Gloucester,Allardville
Gloucester,Bathurst
Gloucester,Beresford
Gloucester,Caraquet
Gloucester,Inkerman
Gloucester,New Bandon
Gloucester,Paquetville
Gloucester,Saint-Isidore
Gloucester,Saumarez
Gloucester,Shippagan
Kent,Acadieville
Kent,Carleton
Kent,Dundas
Kent,Harcourt
Kent,Huskisson
Kent,Richibucto
Kent,Saint-Charles
Kent,Saint-Louis
Kent,Saint Mary
Kent,Saint-Paul
Kent,Weldford
Kent,Wellington
Kings,Cardwell
Kings,Greenwich
Kings,Hammond
Kings,Hampton
Kings,Havelock
Kings,Kars
Kings,Kingston
Kings,Norton
Kings,Rothesay
Kings,Springfield
Kings,Studholm
Kings,Sussex
Kings,Upham
Kings,Waterford
Kings,Westfield
Madawaska,Baker Brook
Madawaska,Clair
Madawaska,Lac-Baker
Madawaska,Madawaska
Madawaska,Notre-Dame-de-Lourdes
Madawaska,Riviere-Verte
Madawaska,Saint-Andre
Madawaska,Saint-Basile
Madawaska,Sainte-Anne
Madawaska,Sainte-Joseph
Madawaska,Saint-Francois
Madawaska,Saint-Hilaire
Madawaska,Saint-Jacques
Madawaska,Saint-Leonard
Northumberland,Alnwick
Northumberland,Blackville
Northumberland,Blissfield
Northumberland,Chatham
Northumberland,Derby
Northumberland,Glenelg
Northumberland,Hardwicke
Northumberland,Ludlow
Northumberland,Nelson
Northumberland,Newcastle
Northumberland,Northesk
Northumberland,Rogersville
Northumberland,Southesk
Queens,Brunswick
Queens,Cambridge
Queens,Canning
Queens,Chipman
Queens,Gagetown
Queens,Hampstead
Queens,Johnston
Queens,Petersville
Queens,Waterborough
Queens,Wickham
Restigouche,Addington
Restigouche,Balmoral
Restigouche,Colborne
Restigouche,Dalhousie
Restigouche,Durham
Restigouche,Eldon
Restigouche,Grimmer
Restigouche,Saint-Quentin
Saint John,City of Saint John
Saint John,Musquash
Saint John,Saint Martins
Saint John,Simonds
Sunbury,Blissville
Sunbury,Burton
Sunbury,Gladstone
Sunbury,Lincoln
Sunbury,Maugerville
Sunbury,Northfield
Sunbury,Sheffield
Victoria,Andover
Victoria,Denmark
Victoria,Drummond
Victoria,Gordon
Victoria,Grand Falls
Victoria,Grand Falls Town
Victoria,Lorne
Victoria,Perth
Westmorland,Botsford
Westmorland,Dorchester
Westmorland,Moncton
Westmorland,Sackville
Westmorland,Salisbury
Westmorland,Shediac
Westmorland,Westmorland
York,Bright
York,Canterbury
York,Douglas
York,Dumfries
York,Fredericton
York,Kingsclear
York,Manners Sutton
York,McAdam
York,New Maryland
York,North Lake
York,Prince William
York,Queensbury
York,Saint Marys
York,Southhampton
York,Stanley
